[
    {
        "img": "user1.png",
        "title": "Robert Fox",
        "job": "UI/UX Designer",
        "des": "Lorem ipsum dolor sit amet consectetur adipisicing elit. Vero repellendus magni, atque delectus molestias quis",
        "rating": "68",
        "skills": ["Figma", "Adobe XD", "Adobe Illustrator", "Digital", "Sketch", "App", "PSD"],
        "location": "New York, US",
        "salary": "48"
    },
    {
        "img": "user2.png",
        "title": "Cody Fisher",
        "job": "Python developer",
        "des": "Lorem ipsum dolor sit amet consectetur adipisicing elit. Vero repellendus magni, atque delectus molestias quis",
        "rating": "58",
        "skills": ["Figma", "Adobe XD", "Adobe Illustrator", "App", "PSD"],
        "location": "Chicago, US",
        "salary": "30"
    },
    {
        "img": "user3.png",
        "title": "Jerome Bell",
        "job": "Python developer",
        "des": "Lorem ipsum dolor sit amet consectetur adipisicing elit. Vero repellendus magni, atque delectus molestias quis",
        "rating": "58",
        "skills": ["Adobe Illustrator", "Digital", "Sketch", "App", "PSD"],
        "location": "Chicago, US",
        "salary": "30"
    },
    {
        "img": "user4.png",
        "title": "Jane Cooper",
        "job": "Python developer",
        "des": "Lorem ipsum dolor sit amet consectetur adipisicing elit. Vero repellendus magni, atque delectus molestias quis",
        "rating": "58",
        "skills": ["Adobe XD", "Adobe Illustrator", "Digital", "Sketch", "App", "PSD"],
        "location": "Chicago, US",
        "salary": "30"
    },
    {
        "img": "user5.png",
        "title": "Floyd Miles",
        "job": "Python developer",
        "des": "Lorem ipsum dolor sit amet consectetur adipisicing elit. Vero repellendus magni, atque delectus molestias quis",
        "rating": "58",
        "skills": ["Digital","Figma", "Adobe XD", "Adobe Illustrator", "Sketch", "App", "PSD"],
        "location": "Chicago, US",
        "salary": "30"
    },
    {
        "img": "user6.png",
        "title": "Devon Lane",
        "job": "Python developer",
        "des": "Lorem ipsum dolor sit amet consectetur adipisicing elit. Vero repellendus magni, atque delectus molestias quis",
        "rating": "58",
        "skills": ["App", "Digital","Figma", "Adobe XD", "Adobe Illustrator", "PSD"],
        "location": "Chicago, US",
        "salary": "30"
    },
    {
        "img": "user7.png",
        "title": "Olivia Adams",
        "job": "Python developer",
        "des": "Lorem ipsum dolor sit amet consectetur adipisicing elit. Vero repellendus magni, atque delectus molestias quis",
        "rating": "58",
        "skills": ["PSD", "App", "Digital","Figma", "Adobe XD", "Adobe Illustrator"],
        "location": "Chicago, US",
        "salary": "30"
    },
    {
        "img": "user8.png",
        "title": "Robert Perez",
        "job": "Python developer",
        "des": "Lorem ipsum dolor sit amet consectetur adipisicing elit. Vero repellendus magni, atque delectus molestias quis",
        "rating": "58",
        "skills": ["Figma", "Adobe XD", "Sketch"],
        "location": "Chicago, US",
        "salary": "30"
    },
    {
        "img": "user9.png",
        "title": "John Cooper",
        "job": "Python developer",
        "des": "Lorem ipsum dolor sit amet consectetur adipisicing elit. Vero repellendus magni, atque delectus molestias quis",
        "rating": "58",
        "skills": ["Figma", "Adobe XD", "Sketch"],
        "location": "Chicago, US",
        "salary": "30"
    },
    {
        "img": "user10.png",
        "title": "Amelia Lee",
        "job": "Python developer",
        "des": "Lorem ipsum dolor sit amet consectetur adipisicing elit. Vero repellendus magni, atque delectus molestias quis",
        "rating": "58",
        "skills": ["Figma", "Adobe XD", "Sketch"],
        "location": "Chicago, US",
        "salary": "30"
    },
    {
        "img": "user11.png",
        "title": "Daniel Jackson",
        "job": "Python developer",
        "des": "Lorem ipsum dolor sit amet consectetur adipisicing elit. Vero repellendus magni, atque delectus molestias quis",
        "rating": "58",
        "skills": ["Figma", "Adobe XD", "Sketch"],
        "location": "Chicago, US",
        "salary": "30"
    },
    {
        "img": "user12.png",
        "title": "Charlotte Taylor",
        "job": "Python developer",
        "des": "Lorem ipsum dolor sit amet consectetur adipisicing elit. Vero repellendus magni, atque delectus molestias quis",
        "rating": "58",
        "skills": ["Figma", "Adobe XD", "Sketch"],
        "location": "Chicago, US",
        "salary": "30"
    },
    {
        "img": "user13.png",
        "title": "David Anderson",
        "job": "Python developer",
        "des": "Lorem ipsum dolor sit amet consectetur adipisicing elit. Vero repellendus magni, atque delectus molestias quis",
        "rating": "58",
        "skills": ["Figma", "Adobe XD", "Sketch"],
        "location": "Chicago, US",
        "salary": "30"
    },
    {
        "img": "user14.png",
        "title": "Mia Martinez",
        "job": "Python developer",
        "des": "Lorem ipsum dolor sit amet consectetur adipisicing elit. Vero repellendus magni, atque delectus molestias quis",
        "rating": "58",
        "skills": ["Figma", "Adobe XD", "Sketch"],
        "location": "Chicago, US",
        "salary": "30"
    },
    {
        "img": "user15.png",
        "title": "Michael Wilson",
        "job": "Python developer",
        "des": "Lorem ipsum dolor sit amet consectetur adipisicing elit. Vero repellendus magni, atque delectus molestias quis",
        "rating": "58",
        "skills": ["Figma", "Adobe XD", "Sketch"],
        "location": "Chicago, US",
        "salary": "30"
    }

]