[
    {
        "img": "brand-1.png",
        "company": "LinkedIn",
        "location": "New York, US",
        "title": "UI / UX Designer ",
        "type": "Fulltime",
        "date": 4,
        "desc": "Lorem ipsum dolor sit amet, consectetur adipisicing elit. Recusandae architecto    eveniet, dolor quo repellendus pariatur",
        "tags": [
            "Adobe XD",
            "Figma",
            "Photoshop"
        ],
        "salary": 500
    },
    {
        "img": "brand-2.png",
        "company": "Adobe Ilustrator",
        "location": "New York, US",
        "title": "Full Stack Engineer",
        "type": "Part time",
        "date": 5,
        "desc": "Lorem ipsum dolor sit amet, consectetur adipisicing elit. Recusandae architecto eveniet, dolor quo repellendus pariatur.",
        "tags": [
            "React",
            "NodeJS"
        ],
        "salary": 800
    },
    {
        "img": "brand-3.png",
        "company": "Bing Search",
        "location": "New York, US",
        "title": "Java Software Engineer",
        "type": "Fulltime",
        "date": 6,
        "desc": "Lorem ipsum dolor sit amet, consectetur adipisicing elit. Recusandae architecto eveniet, dolor quo repellendus pariatur.",
        "tags": [
            "Python",
            "AWS",
            "Photoshop"
        ],
        "salary": 250
    },
    {
        "img": "brand-4.png",
        "company": "Dailymotion",
        "location": "New York, US",
        "title": "Frontend Developer",
        "type": "Fulltime",
        "date": 6,
        "desc": "Lorem ipsum dolor sit amet, consectetur adipisicing elit. Recusandae architecto eveniet, dolor quo repellendus pariatur.",
        "tags": [
            "Typescript", "Java"
        ],
        "salary": 250
    },
    {
        "img": "brand-5.png",
        "company": "Linkedin",
        "location": "New York, US",
        "title": "React Native Web Developer",
        "type": "Fulltime",
        "date": 4,
        "desc": "Lorem ipsum dolor sit amet, consectetur adipisicing elit. Recusandae architecto    eveniet, dolor quo repellendus pariatur",
        "tags": [
            "Angular"
        ],
        "salary": 500
    },
    {
        "img": "brand-6.png",
        "company": "Quora JSC",
        "location": "New York, US",
        "title": "Senior System Engineer",
        "type": "Part time",
        "date": 5,
        "desc": "Lorem ipsum dolor sit amet, consectetur adipisicing elit. Recusandae architecto eveniet, dolor quo repellendus pariatur.",
        "tags": [
            "PHP","Android"
        ],
        "salary": 800
    },
    {
        "img": "brand-7.png",
        "company": "Nintendo",
        "location": "New York, US",
        "title": "Products Manager",
        "type": "Fulltime",
        "date": 6,
        "desc": "Lorem ipsum dolor sit amet, consectetur adipisicing elit. Recusandae architecto eveniet, dolor quo repellendus pariatur.",
        "tags": [
            "ASP .Net",
            "Figma"
        ],
        "salary": 250
    },
    {
        "img": "brand-8.png",
        "company": "Periscope",
        "location": "New York, US",
        "title": "Lead Quality Control QA",
        "type": "Fulltime",
        "date": 6,
        "desc": "Lorem ipsum dolor sit amet, consectetur adipisicing elit. Recusandae architecto eveniet, dolor quo repellendus pariatur.",
        "tags": [
            "iOS","Laravel","Golang"
        ],
        "salary": 250
    },
    {
        "img": "brand-1.png",
        "company": "LinkedIn",
        "location": "New York, US",
        "title": "UI / UX Designer ",
        "type": "Fulltime",
        "date": 4,
        "desc": "Lorem ipsum dolor sit amet, consectetur adipisicing elit. Recusandae architecto    eveniet, dolor quo repellendus pariatur",
        "tags": [
            "Adobe XD",
            "Figma",
            "Photoshop"
        ],
        "salary": 500
    },
    {
        "img": "brand-2.png",
        "company": "Adobe Ilustrator",
        "location": "New York, US",
        "title": "Full Stack Engineer",
        "type": "Part time",
        "date": 5,
        "desc": "Lorem ipsum dolor sit amet, consectetur adipisicing elit. Recusandae architecto eveniet, dolor quo repellendus pariatur.",
        "tags": [
            "React",
            "NodeJS"
        ],
        "salary": 800
    },
    {
        "img": "brand-3.png",
        "company": "Bing Search",
        "location": "New York, US",
        "title": "Java Software Engineer",
        "type": "Fulltime",
        "date": 6,
        "desc": "Lorem ipsum dolor sit amet, consectetur adipisicing elit. Recusandae architecto eveniet, dolor quo repellendus pariatur.",
        "tags": [
            "Python",
            "AWS",
            "Photoshop"
        ],
        "salary": 250
    },
    {
        "img": "brand-4.png",
        "company": "Dailymotion",
        "location": "New York, US",
        "title": "Frontend Developer",
        "type": "Fulltime",
        "date": 6,
        "desc": "Lorem ipsum dolor sit amet, consectetur adipisicing elit. Recusandae architecto eveniet, dolor quo repellendus pariatur.",
        "tags": [
            "Typescript", "Java"
        ],
        "salary": 250
    },
    {
        "img": "brand-5.png",
        "company": "Linkedin",
        "location": "New York, US",
        "title": "React Native Web Developer",
        "type": "Fulltime",
        "date": 4,
        "desc": "Lorem ipsum dolor sit amet, consectetur adipisicing elit. Recusandae architecto    eveniet, dolor quo repellendus pariatur",
        "tags": [
            "Angular"
        ],
        "salary": 500
    },
    {
        "img": "brand-6.png",
        "company": "Quora JSC",
        "location": "New York, US",
        "title": "Senior System Engineer",
        "type": "Part time",
        "date": 5,
        "desc": "Lorem ipsum dolor sit amet, consectetur adipisicing elit. Recusandae architecto eveniet, dolor quo repellendus pariatur.",
        "tags": [
            "PHP","Android"
        ],
        "salary": 800
    },
    {
        "img": "brand-7.png",
        "company": "Nintendo",
        "location": "New York, US",
        "title": "Products Manager",
        "type": "Fulltime",
        "date": 6,
        "desc": "Lorem ipsum dolor sit amet, consectetur adipisicing elit. Recusandae architecto eveniet, dolor quo repellendus pariatur.",
        "tags": [
            "ASP .Net",
            "Figma"
        ],
        "salary": 250
    },
    {
        "img": "brand-8.png",
        "company": "Periscope",
        "location": "New York, US",
        "title": "Lead Quality Control QA",
        "type": "Fulltime",
        "date": 6,
        "desc": "Lorem ipsum dolor sit amet, consectetur adipisicing elit. Recusandae architecto eveniet, dolor quo repellendus pariatur.",
        "tags": [
            "iOS","Laravel","Golang"
        ],
        "salary": 250
    },
    {
        "img": "brand-1.png",
        "company": "LinkedIn",
        "location": "New York, US",
        "title": "UI / UX Designer ",
        "type": "Fulltime",
        "date": 4,
        "desc": "Lorem ipsum dolor sit amet, consectetur adipisicing elit. Recusandae architecto    eveniet, dolor quo repellendus pariatur",
        "tags": [
            "Adobe XD",
            "Figma",
            "Photoshop"
        ],
        "salary": 500
    },
    {
        "img": "brand-2.png",
        "company": "Adobe Ilustrator",
        "location": "New York, US",
        "title": "Full Stack Engineer",
        "type": "Part time",
        "date": 5,
        "desc": "Lorem ipsum dolor sit amet, consectetur adipisicing elit. Recusandae architecto eveniet, dolor quo repellendus pariatur.",
        "tags": [
            "React",
            "NodeJS"
        ],
        "salary": 800
    },
    {
        "img": "brand-1.png",
        "company": "LinkedIn",
        "location": "New York, US",
        "title": "UI / UX Designer ",
        "type": "Fulltime",
        "date": 4,
        "desc": "Lorem ipsum dolor sit amet, consectetur adipisicing elit. Recusandae architecto    eveniet, dolor quo repellendus pariatur",
        "tags": [
            "Adobe XD",
            "Figma",
            "Photoshop"
        ],
        "salary": 500
    },
    {
        "img": "brand-2.png",
        "company": "Adobe Ilustrator",
        "location": "New York, US",
        "title": "Full Stack Engineer",
        "type": "Part time",
        "date": 5,
        "desc": "Lorem ipsum dolor sit amet, consectetur adipisicing elit. Recusandae architecto eveniet, dolor quo repellendus pariatur.",
        "tags": [
            "React",
            "NodeJS"
        ],
        "salary": 800
    }
]