[
    {
        "img": "img1.png",
        "title": "Senior Full Stack Engineer, Creator Success",
        "date": "1",
        "tag": [
            "High",
            "Planing"
        ],
        "progress": 80
    },
    {
        "img": "img2.png",
        "title": "Senior Full Stack Engineer, Creator Success",
        "date": "3",
        "tag": [
            "Medium",
            "In Progress"
        ],
        "progress": 68
    },
    {
        "img": "img3.png",
        "title": "Senior Full Stack Engineer, Creator Success",
        "date": "4",
        "tag": [
            "Low",
            "In Progress"
        ],
        "progress": 20
    },
    {
        "img": "img4.png",
        "title": "Senior Full Stack Engineer, Creator Success",
        "date": "5",
        "tag": [
            "Completed"
        ],
        "progress": 10
    },
    {
        "img": "img5.png",
        "title": "Senior Full Stack Engineer, Creator Success",
        "date": "8",
        "tag": [
            "Completed"
        ],
        "progress": 10
    },
    {
        "img": "img5.png",
        "title": "Senior Full Stack Engineer, Creator Success",
        "date": "12",
        "tag": [
            "Completed"
        ],
        "progress": 10
    },
    {
        "img": "img1.png",
        "title": "Senior Full Stack Engineer, Creator Success",
        "date": "14",
        "tag": [
            "Completed"
        ],
        "progress": 10
    },
    {
        "img": "img2.png",
        "title": "Senior Full Stack Engineer, Creator Success",
        "date": "23",
        "tag": [
            "Completed"
        ],
        "progress": 10
    },
    {
        "img": "img3.png",
        "title": "Senior Full Stack Engineer, Creator Success",
        "date": "25",
        "tag": [
            "Completed"
        ],
        "progress": 10
    },
    {
        "img": "img4.png",
        "title": "Senior Full Stack Engineer, Creator Success",
        "date": "26",
        "tag": [
            "Completed"
        ],
        "progress": 10
    },
    {
        "img": "img5.png",
        "title": "Senior Full Stack Engineer, Creator Success",
        "date": "30",
        "tag": [
            "Completed"
        ],
        "progress": 10
    },
    {
        "img": "img5.png",
        "title": "Senior Full Stack Engineer, Creator Success",
        "date": "32",
        "tag": [
            "Completed"
        ],
        "progress": 10
    },
    {
        "img": "img3.png",
        "title": "Senior Full Stack Engineer, Creator Success",
        "date": "34",
        "tag": [
            "Completed"
        ],
        "progress": 10
    },
    {
        "img": "img4.png",
        "title": "Senior Full Stack Engineer, Creator Success",
        "date": "36",
        "tag": [
            "Completed"
        ],
        "progress": 10
    },
    {
        "img": "img5.png",
        "title": "Senior Full Stack Engineer, Creator Success",
        "date": "3",
        "tag": [
            "Completed"
        ],
        "progress": 10
    },
    {
        "img": "img4.png",
        "title": "Senior Full Stack Engineer, Creator Success",
        "date": "36",
        "tag": [
            "Completed"
        ],
        "progress": 10
    }
]